{
    "0.0": -0.0,
    "0.02": -0.0,
    "0.04": -0.0,
    "0.06": -0.0,
    "0.08": -0.0,
    "0.1": -0.0,
    "0.12": -0.0,
    "0.14200000000000002": 21.82539682539681,
    "0.16199999999999998": 41.6666666666668,
    "0.182": 83.33333333333326,
    "0.202": 97.22222222222214,
    "0.24200000000000005": 30.555555555555515,
    "0.3020000000000001": 12.400793650793645,
    "0.3820000000000002": 35.41666666666657,
    "0.4020000000000002": 35.416666666666636,
    "0.48200000000000026": 9.490740740740748,
    "0.5820000000000004": 17.26190476190476,
    "0.6220000000000004": 62.50000000000023,
    "0.6420000000000003": 65.97222222222246,
    "0.7020000000000004": 11.574074074074078,
    "0.8820000000000006": 7.010582010582013,
    "0.9820000000000007": 70.83333333333326,
    "1.0020000000000007": 80.60344827586198,
    "1.5820000000000012": 3.8734287826846767,
    "1.7620000000000013": 3.9261664261664224,
    "2.462000000000002": 1.1904761904761894
}