{
    "0.0": 1.0,
    "0.02": 1.0,
    "0.04": 1.0,
    "0.06": 1.0,
    "0.08": 1.0,
    "0.1": 1.0,
    "0.12": 1.0,
    "0.14200000000000002": 1.0,
    "0.16199999999999998": 0.9583333333333334,
    "0.182": 0.9166666666666666,
    "0.202": 0.7916666666666666,
    "0.24200000000000005": 0.7083333333333334,
    "0.3020000000000001": 0.6666666666666666,
    "0.3820000000000002": 0.625,
    "0.4020000000000002": 0.5833333333333334,
    "0.48200000000000026": 0.5416666666666666,
    "0.5820000000000004": 0.5,
    "0.6220000000000004": 0.4583333333333333,
    "0.6420000000000003": 0.375,
    "0.7020000000000004": 0.3333333333333333,
    "0.8820000000000006": 0.2916666666666667,
    "0.9820000000000007": 0.25,
    "1.0020000000000007": 0.16666666666666666,
    "1.5820000000000012": 0.125,
    "1.7620000000000013": 0.08333333333333333,
    "2.462000000000002": 0.041666666666666664
}