{
    "0.0": 0.0,
    "0.02": 0.0,
    "0.04": 0.0,
    "0.06": 0.0,
    "0.08": 0.0,
    "0.1": 0.0,
    "0.12": 0.0,
    "0.14200000000000002": 1.0,
    "0.16199999999999998": 1.0,
    "0.182": 3.0,
    "0.202": 2.0,
    "0.24200000000000005": 1.0,
    "0.3020000000000001": 1.0,
    "0.3820000000000002": 1.0,
    "0.4020000000000002": 1.0,
    "0.48200000000000026": 1.0,
    "0.5820000000000004": 1.0,
    "0.6220000000000004": 2.0,
    "0.6420000000000003": 1.0,
    "0.7020000000000004": 1.0,
    "0.8820000000000006": 1.0,
    "0.9820000000000007": 2.0,
    "1.0020000000000007": 1.0,
    "1.5820000000000012": 1.0,
    "1.7620000000000013": 1.0,
    "2.462000000000002": 1.0
}